{"cameraMode":{"drawMode":0,"name":"Shaded","section":"Shading Mode"},"sceneLighting":true,"audioPlay":false,"sceneViewState":{"m_AlwaysRefresh":false,"showFog":true,"showSkybox":true,"showFlares":true,"showImageEffects":true,"showParticleSystems":true,"showVisualEffectGraphs":true,"m_FxEnabled":true},"in2DMode":false,"pivot":{"x":0.11562156677246094,"y":-0.013516426086425782,"z":-0.10406064987182617},"rotation":{"x":-0.0854722261428833,"y":0.9029105305671692,"z":-0.21201510727405549,"w":-0.3640012741088867},"size":3.417149782180786,"orthographic":false}